SUBREDDIT;STATUS;Category;GET 1000 from each !;
collegesluts;NOK;teen;;
CollegeAmateurs;NOK;teen;;
collegensfw;NOK;mature;;
cougars;NOK;mature;;
realolderwomen;NOK;mature;;
gilf;NOK;mature;;
maturewoman;NOK;mature;;
AgedBeauty;NOK;mature;;
agedlikefinewine;NOK;mature;;
milf;NOK;milf;;
MilfsAndHousewives;NOK;milf;;
maturemilf;NOK;milf;;
realmilf;NOK;milf;;
ChocolateMilf;NOK;milf;;
GroupOfNudeMILFs;NOK;milf;;
HotAsianMilfs;NOK;milf;;
hairymilfs;NOK;milf;;
MILFs;NOK;milf;;
puremilf;NOK;milf;;
realmoms;NOK;milf;;
HotMILFs;NOK;milf;;
LegalTeens;NOK;teen;;
Just18;NOK;teen;;
youngporn;NOK;teen;;
Barelylegal;NOK;teen;;
barelylegalteens;NOK;teen;;
RealGirls;NOK;amateur;;
Amateur;NOK;amateur;;
PetiteGoneWild;NOK;amateur;;
homemadexxx;NOK;amateur;;
AmateurArchives;NOK;amateur;;
gwcumsluts;NOK;amateur;;
Nsfw_Amateurs;NOK;amateur;;
Workoutgonewild;NOK;amateur, workout;;
amateurgfs;NOK;amateur;;
Blonde;NOK;blonde;;
Blondes;NOK;blonde;;
blondehairblueeyes;NOK;blonde;;
ChangingRooms;NOK;;;
xPosing;NOK;;;
GirlsWithiPhones;NOK;;;
freshfromtheshower;NOK;;;
MakeUpFetish;NOK;makeup;;
HeavyEyeliner;NOK;makeup;;
moddedgirls;NOK;makeup;;
PiercedNSFW;NOK;piercing;;
piercedtits;NOK;piercing;;
Hotchickswithtattoos;NOK;tatoos;;
PornStars;NOK;pornstar;;
camwhores;NOK;camgirls;;
fitgirls;NOK;fit, athletic;;
AthleticGirls;NOK;fit, athletic;;
NSFW_Hardbodies;NOK;fit, athletic;;
emogirls;NOK;emo, goth;;
gothsluts;NOK;emo, goth;;
SexyWallpapers;NOK;;;
Unashamed;NOK;;;
Bondage;NOK;bdsm, bondage;;
collared;NOK;bdsm, bondage;;
boundgirls;NOK;bdsm, bondage;;
gagged;NOK;bdsm, bondage;;
kinbaku;NOK;bdsm, bondage;;
brunette;NOK;brunette;;
GirlswithNeonHair;NOK;dyed;;
ginger;NOK;redhead, ginger, freckles;;
redheads;NOK;redhead, ginger, freckles;;
FreckledRedheads;NOK;redhead, ginger, freckles;;
FreckledCumsluts;NOK;redhead, ginger, freckles;;
SexyTummies;NOK;;;
naturaltitties;NOK;boobs, big;;
Boobies;NOK;boobs, big;;
PerfectTits;NOK;boobs, big;;
BustyPetite;NOK;boobs, big;;
hugeboobs;NOK;boobs, big;;
bustybabes;NOK;boobs, big;;
hugenaturals;NOK;boobs, big;;
bigboobs;NOK;boobs, big;;
HugeTitsSoftcore;NOK;boobs, big;;
Bustyfit;NOK;boobs, big;;
Nipples;NOK;boobs, small;;
SmallNipples;NOK;boobs, small;;
aa_cups;NOK;boobs, small;;
TinyTits;NOK;boobs, small;;
B_Cups;NOK;boobs, small;;
BBW;NOK;bbw, thick, curvy;;
plumper;NOK;bbw, thick, curvy;;
thick;NOK;chubby, thick, curvy;;
chubby;NOK;chubby, thick, curvy;;
ThickChixxx;NOK;chubby, thick, curvy;;
PerkyChubby;NOK;chubby, thick, curvy;;
HairyCurvy;NOK;chubby, thick, curvy;;
latinas;NOK;latina;;
hotlatinas;NOK;latina;;
LatinasGW;NOK;latina;;
Ebony;NOK;black;;
WomenOfColour;NOK;black;;
AsianHotties;NOK;asian;;
juicyasians;NOK;asian;;
AsianNSFW;NOK;asian;;
asianbabes;NOK;asian;;
ThickAsians;NOK;asian;;
SexDolls;NOK;asian;;
AsianChicks;NOK;asian;;
TinyAsianTits;NOK;asian;;
ThickAsians;NOK;asian;;
EuroGirls;NOK;euro;;
Scandinaviangirls;NOK;euro;;
NordicWomen;NOK;euro;;
IndianBabes;NOK;indian;;
IndianTeens;NOK;indian;;
Playboy;NOK;pornstar;;
xart;NOK;pornstar;;
suicidegirls;NOK;pornstar;;
metart;NOK;pornstar;;
NSFWCute;NOK;;;
nsfw;NOK;;;
nude;NOK;;;
iWantToFuckHer;NOK;;;
HotGirls;NOK;;;
Babes;NOK;;;
NaturalWomen;NOK;;;
NudeBeauty;NOK;;;
SimplyNaked;NOK;;;
